language,lang_code,original_f1,augmented_f1,change
Hausa,hau,0.7953,0.761719577807388,-0.033580422192612036
Yoruba,yor,0.7274,0.7227369069549492,-0.004663093045050859
Igbo,ibo,0.784,0.7763914728237675,-0.007608527176232505
